Year,Team_ID,Unit,Games,Rushes,Rushing_Yards,Pass_Attempts,Completions,Passing_Yards,Fumbles_Lost,Intercepted,Third_Down_Conversions,Third_Down_Attempts,Touchdowns,Points_Scored,Penalties,Penalty_Yards,Red_Zone_Visits,Red_Zone_Touchdowns,Red_Zone_Field_Goals,Sacks,Runs_Left,Runs_Left_Yardage,Runs_Center,Runs_Center_Yardage,Runs_Right,Runs_Right_Yardage,Short_Passes,Short_Pass_Completions,Short_Pass_Yardage,Medium_Passes,Medium_Pass_Completions,Medium_Pass_Yardage,Long_Passes,Long_Pass_Completions,Long_Pass_Yardage,Fourth_Down_Attempts,Fourth_Down_Conversions,Third_Down_YtG_Total,Sack_Yardage,Fumbles,Red_Zone_Rushes,Red_Zone_Rushing_Yardage,Red_Zone_Passes,Red_Zone_Pass_Completions,Red_Zone_Passing_Yardage,First_Downs_Rushing,First_Downs_Passing,First_Downs_Penalty,Punts,Punting_Yardage,Punting_Net_Yardage,Punt_Returns,Punt_Return_Yardage,Kickoff_Returns,Kickoff_Return_Yardage,Field_Goals,Field_Goals_Attempted,Points_After_Touchdown,PATs_Attempted,Two-Point_Conversion_Attempts,Two-Point_Conversions,Passes_Defensed,Key_Run_Blocks,Key_Run_Block_Opportunities,Hurries,Blocked_Passes,Run_Plays,Pass_Plays,Touchdowns_Passing,Touchdowns_Rushing,Passes_Dropped,Running_Back_Runs,Running_Back_Run_Yardage
2016,0,Offense,16,504,2410,489,291,2778,6,11,84,225,34,334,85,582,41,23,16,29,146,684,315,1605,35,132,300,212,1508,142,68,994,46,11,276,1,6,1684,188,14,74,213,53,34,180,131,138,21,101,4145,3482,37,213,36,795,25,28,37,37,0,0,47,170,446,54,16,504,518,17,16,19,401,1934
2016,0,Defense,16,449,2025,504,310,3369,9,15,87,219,35,335,96,749,42,29,10,52,127,527,243,1195,68,321,284,210,1862,160,89,1250,59,11,257,3,8,1819,334,20,61,204,51,30,229,104,171,16,90,3901,3308,37,400,51,1231,23,28,36,36,2,1,60,137,407,62,20,449,556,18,16,31,0,0
2016,1,Offense,16,364,1489,587,335,3516,11,20,67,224,23,269,92,695,34,17,14,73,71,335,204,764,85,397,341,224,1778,189,97,1353,56,14,385,4,18,1964,433,27,38,86,43,30,218,79,172,21,98,4303,3600,36,317,35,756,31,34,22,22,3,1,38,124,332,27,15,364,660,18,4,25,327,1291
2016,1,Defense,16,532,2266,501,351,3634,12,20,87,224,39,367,124,947,51,30,13,46,68,500,305,1119,145,664,298,245,2028,149,87,1152,54,19,454,5,9,1794,276,21,94,260,48,38,225,126,184,15,92,4098,3381,46,413,31,667,22,30,43,43,0,0,68,187,485,82,20,532,547,24,15,29,0,0
2016,2,Offense,16,484,1965,523,324,3290,14,14,85,232,34,415,110,851,50,26,19,33,78,305,246,973,156,694,298,231,1922,162,83,1040,59,10,328,2,9,1822,185,20,78,229,65,47,271,107,155,19,78,3633,3094,46,520,41,1198,43,51,40,41,0,0,75,144,454,74,16,484,556,19,13,29,424,1674
2016,2,Defense,16,422,1723,577,333,3549,12,26,70,223,33,306,116,778,38,21,12,46,112,498,238,946,68,283,329,234,2077,176,86,1155,70,13,317,4,16,1935,318,22,42,164,50,28,248,92,171,25,96,4247,3534,34,259,39,907,25,30,33,33,0,0,47,118,359,70,19,422,623,20,10,23,0,0
2016,3,Offense,16,555,2648,483,328,3911,5,14,98,220,45,426,114,853,59,30,25,22,182,954,279,1330,91,367,265,200,1769,148,104,1472,65,24,670,3,6,1686,144,13,81,265,73,43,293,144,188,12,75,3443,3022,30,327,42,953,32,39,46,46,1,1,61,191,506,59,19,555,505,30,15,18,461,2108
2016,3,Defense,16,399,2042,582,366,4351,6,23,80,205,41,355,84,604,52,26,17,30,107,528,190,943,96,578,340,262,2571,163,87,1315,76,17,465,3,7,1550,189,16,57,126,61,37,213,111,198,18,77,3405,2778,37,281,47,1200,23,31,38,39,2,1,50,144,361,41,14,399,612,28,13,31,0,0
2016,4,Offense,16,563,2489,454,279,3054,14,8,98,231,39,387,101,781,47,29,15,27,151,593,292,1422,106,494,253,190,1661,147,71,927,54,18,466,1,1,1680,148,25,80,279,49,37,226,138,156,18,86,4213,3756,51,515,25,695,31,41,42,42,0,0,53,177,503,80,13,563,481,16,21,33,477,1958
2016,4,Defense,16,375,1569,557,338,3573,12,15,72,224,22,214,109,771,34,16,13,61,74,260,229,1002,72,307,321,234,1852,171,88,1221,61,16,500,2,10,2046,366,24,40,103,43,24,172,81,161,22,113,4987,4112,33,257,28,583,18,22,22,22,1,0,50,106,326,64,11,375,618,9,10,28,0,0
2016,5,Offense,16,414,1792,584,337,3476,18,23,70,226,22,215,104,740,40,16,14,55,142,504,200,908,69,384,344,235,1807,172,84,1184,66,18,485,2,9,1928,347,34,45,101,50,29,189,94,165,32,114,4637,3861,55,588,39,978,20,24,21,21,1,1,74,121,354,63,12,414,639,16,5,36,345,1421
2016,5,Defense,16,477,1444,502,301,3412,3,13,72,235,34,359,111,823,47,22,22,37,129,417,220,730,120,306,305,223,2276,149,67,814,47,11,322,2,5,1955,218,14,65,141,67,40,255,77,164,16,114,5093,4141,42,376,35,910,31,38,36,36,2,1,68,99,431,60,17,477,539,25,8,23,0,0
2016,6,Offense,16,438,1844,561,329,3645,7,17,67,228,29,295,94,664,34,14,14,38,122,567,216,985,96,299,343,231,1943,148,80,1161,68,18,541,6,17,1933,220,18,34,57,55,31,222,91,179,15,105,4819,3930,34,326,37,723,25,34,28,28,3,2,64,120,388,63,11,438,599,22,6,41,366,1424
2016,6,Defense,16,432,1716,565,365,3938,9,19,89,232,39,360,96,728,50,32,11,29,116,409,217,980,92,338,327,243,1898,165,100,1396,70,22,644,0,3,1898,213,15,65,194,61,42,279,91,183,15,101,4519,3853,51,574,28,724,22,26,40,40,2,1,74,118,385,59,18,432,594,26,12,20,0,0
2016,7,Offense,16,378,1554,586,343,3501,10,16,82,233,28,285,99,774,42,20,15,59,103,457,232,949,36,158,339,241,2031,189,97,1342,58,5,128,1,10,1987,338,17,43,65,61,37,242,80,173,21,103,4436,3664,37,442,39,963,25,32,30,30,0,0,58,88,301,72,24,378,645,19,6,28,294,991
2016,7,Defense,16,435,1756,615,389,4121,8,17,85,237,35,323,112,798,46,22,16,47,76,351,246,946,104,471,353,269,2122,190,98,1351,68,22,648,7,14,1897,273,20,75,221,64,37,252,89,205,17,97,4164,3442,44,452,33,734,24,29,35,36,0,0,86,126,386,73,16,435,662,26,9,34,0,0
2016,8,Offense,16,395,1718,583,368,4046,6,13,72,224,34,337,109,802,47,23,19,39,103,457,193,854,91,417,339,253,2121,187,95,1401,56,20,524,7,14,1874,250,19,55,190,56,32,220,95,193,13,100,4335,3789,44,365,42,974,22,26,37,37,2,0,44,134,355,76,14,395,622,19,15,25,339,1441
2016,8,Defense,16,424,1646,550,367,4078,13,18,89,225,34,341,88,619,47,25,16,57,110,498,217,774,89,383,340,263,2128,128,76,1021,81,28,929,2,9,1970,374,25,49,116,71,55,355,94,191,12,90,4145,3560,38,246,39,946,29,32,32,33,2,1,68,126,383,63,14,424,607,26,7,13,0,0
2016,9,Offense,16,397,1624,588,358,3698,7,15,69,237,29,296,108,769,47,23,18,58,75,346,205,780,108,508,317,235,1745,198,102,1299,70,21,654,8,16,2074,353,18,52,129,65,35,230,83,176,13,117,5195,4349,41,445,25,521,26,32,30,30,1,0,83,105,359,69,20,397,646,16,13,36,357,1384
2016,9,Defense,16,441,1412,602,357,3783,15,16,80,248,25,265,96,692,44,19,21,35,134,436,212,758,88,225,344,247,1970,196,95,1364,60,15,449,3,12,2049,257,30,52,97,58,33,192,71,190,15,110,4767,3842,50,414,37,872,28,34,25,25,1,0,73,84,380,75,16,441,637,17,5,27,0,0
2016,10,Offense,16,488,1852,555,356,4048,8,11,89,240,37,376,101,695,56,25,25,43,78,275,248,1070,149,523,320,243,2144,166,88,1178,68,25,726,1,4,1977,269,22,71,169,69,43,345,105,190,16,89,3818,3259,47,413,25,580,37,54,37,38,0,0,83,125,408,79,17,488,598,23,11,31,403,1348
2016,10,Defense,16,389,1642,622,358,3753,10,25,72,238,22,255,97,714,44,15,22,54,82,429,219,884,83,337,342,241,1904,213,102,1448,66,15,401,7,16,1977,367,18,56,118,64,29,184,73,179,23,102,4584,3711,41,319,31,770,31,37,22,22,1,1,59,113,340,66,18,389,676,16,5,33,0,0
2016,11,Offense,16,413,1428,595,375,4229,15,18,82,239,30,304,69,528,47,22,20,56,105,342,243,902,56,196,348,263,2569,184,95,1178,59,17,482,6,11,2041,326,27,55,126,49,33,254,82,199,14,99,4581,3953,33,112,33,691,27,33,29,30,2,1,63,113,381,67,13,413,651,23,7,25,344,1224
2016,11,Defense,16,437,1906,583,379,3902,11,19,83,223,35,326,102,744,39,25,12,30,53,223,246,1061,129,634,334,258,1964,184,98,1312,65,23,626,1,11,1864,186,22,44,141,51,36,245,95,200,14,91,4126,3714,44,268,31,794,20,33,38,38,0,0,58,116,369,67,24,437,613,22,13,23,0,0
2016,12,Offense,16,333,1311,654,395,4175,10,25,80,228,33,344,99,698,48,22,21,29,86,301,202,870,39,147,365,280,2133,203,90,1319,86,25,723,4,15,1788,186,15,42,83,79,41,266,63,203,17,90,3583,3120,32,170,40,1040,33,34,33,33,2,1,41,84,302,56,12,333,683,27,5,28,285,1010
2016,12,Defense,16,522,2197,478,308,3532,11,17,83,234,43,409,98,670,45,24,17,41,138,585,290,1296,82,333,304,226,2151,122,62,854,50,20,527,4,8,1787,237,21,76,166,46,28,254,105,173,15,90,4022,3472,35,263,29,633,30,34,43,44,1,1,89,150,461,76,23,522,519,28,14,22,0,0
2016,13,Offense,16,450,1822,481,314,3335,16,16,73,228,28,338,107,798,40,21,14,72,73,296,244,992,119,555,303,232,1967,121,64,925,56,18,443,5,10,2021,440,27,42,125,41,28,212,88,158,14,105,4457,3728,38,311,32,947,24,26,36,37,1,0,62,128,383,65,11,450,553,17,9,22,361,1405
2016,13,Defense,16,379,1330,572,356,3950,11,23,67,214,35,327,79,510,43,22,15,62,91,381,220,788,60,171,332,244,2007,172,91,1383,66,21,560,4,16,1786,342,24,45,103,67,40,245,78,181,18,96,4391,3840,49,489,42,993,23,29,36,36,1,0,45,100,330,54,11,379,634,23,8,27,0,0
2016,14,Offense,16,361,1530,623,406,4298,13,20,77,217,36,327,86,656,48,24,18,36,124,544,152,757,75,241,390,298,2372,167,90,1392,66,18,534,3,8,1809,251,23,48,110,61,46,287,86,199,18,96,4634,3852,46,290,41,1093,23,28,36,36,1,0,63,113,338,61,26,361,659,22,13,26,333,1408
2016,14,Defense,16,438,1900,584,358,4146,13,12,88,234,32,330,86,626,56,25,25,34,112,504,229,909,96,488,334,242,2234,189,100,1398,61,16,514,6,13,1962,210,20,75,204,72,42,279,94,196,21,95,4263,3633,42,422,40,1027,31,37,33,34,0,0,54,114,398,74,18,438,618,22,10,32,0,0
2016,15,Offense,16,467,2339,551,333,3234,7,17,79,224,35,348,79,581,44,24,17,31,143,846,206,974,107,535,321,236,1833,183,89,1165,46,8,236,0,5,1701,218,14,57,180,49,32,221,117,174,14,98,4672,3613,41,358,37,956,30,34,36,36,1,0,61,156,425,62,21,467,582,19,14,30,417,2108
2016,15,Defense,16,450,2089,584,384,4107,9,17,87,228,37,352,89,587,58,29,18,44,131,739,259,1032,53,325,361,272,2297,165,92,1364,57,20,446,2,11,1790,251,14,95,319,69,41,321,113,200,16,91,4053,3523,40,602,23,551,28,39,36,36,2,1,60,140,397,83,14,450,628,17,18,20,0,0
2016,16,Offense,16,455,2179,555,352,3715,9,13,76,222,34,317,88,669,47,25,18,40,138,770,203,931,107,486,330,246,1973,165,92,1345,58,14,397,6,10,1810,277,12,64,210,43,31,183,119,172,21,101,4575,3940,47,459,42,1070,24,33,35,35,0,0,62,168,427,49,18,455,595,16,18,17,395,1878
2016,16,Defense,16,468,2022,557,374,4225,7,13,82,229,33,328,101,788,49,21,22,44,138,617,223,1005,96,415,338,265,2347,157,88,1299,62,21,579,0,3,1816,260,17,55,123,52,33,200,97,195,20,99,4419,3640,43,195,36,909,33,42,31,32,1,0,59,149,432,62,13,468,601,20,10,23,0,0
2016,17,Offense,16,260,819,614,380,3948,9,18,60,216,20,233,93,703,33,13,16,85,41,94,156,489,59,242,346,262,2052,199,102,1417,67,16,479,4,18,2014,500,23,24,65,45,28,193,50,177,16,89,3952,3361,38,534,51,1135,31,40,20,20,0,0,38,80,248,57,9,260,699,14,5,38,242,756
2016,17,Defense,16,558,2599,498,347,3690,2,15,100,226,50,450,94,706,66,38,21,33,157,785,304,1490,86,339,301,229,1767,151,95,1347,46,23,576,3,5,1603,195,15,91,259,82,55,404,143,189,24,77,3458,2571,37,413,14,335,27,36,51,52,1,0,58,194,506,70,16,558,531,30,20,18,0,0
2016,18,Offense,16,429,1655,581,365,4749,8,22,88,214,56,468,89,606,58,36,16,26,113,536,225,817,86,309,325,243,2463,177,100,1589,77,22,697,2,6,1550,151,15,79,254,72,43,333,83,225,13,86,3363,2899,34,600,47,987,24,26,54,56,1,0,61,109,397,62,18,429,607,34,19,29,383,1436
2016,18,Defense,16,360,1617,614,397,4457,13,21,81,216,42,373,94,706,46,26,15,57,52,299,204,905,102,415,340,267,2185,180,102,1357,93,28,915,2,9,1765,312,25,44,133,57,43,254,99,191,17,87,3779,3103,26,304,53,1250,24,32,43,43,0,0,62,124,313,57,21,360,671,24,15,36,0,0
2016,19,Offense,16,468,2007,518,381,4845,5,13,93,206,54,507,94,729,60,39,18,39,154,638,243,985,69,388,322,262,2827,143,102,1495,52,17,523,0,0,1584,250,10,81,185,65,53,424,104,238,12,74,3438,2859,31,246,39,1043,32,37,55,58,1,1,74,154,458,68,22,468,557,39,14,14,440,1849
2016,19,Defense,16,407,2136,567,320,3411,6,22,79,217,29,288,69,507,43,18,20,43,122,680,220,1198,61,263,321,215,1722,183,91,1286,62,14,403,7,18,1840,292,16,58,168,53,28,190,113,168,18,82,3741,3235,38,299,57,1496,26,32,30,30,0,0,44,142,376,38,12,407,610,21,7,35,0,0
2016,20,Offense,16,467,1985,498,338,4240,11,8,82,201,51,441,117,838,58,39,14,31,100,317,271,1280,90,396,318,242,2472,130,74,1143,49,22,625,0,7,1568,185,24,84,283,58,37,274,111,192,16,80,3881,3339,47,459,35,920,28,34,49,51,0,0,55,122,383,68,16,467,529,33,18,22,351,1354
2016,20,Defense,16,406,1605,570,363,4200,10,17,98,228,38,342,103,711,43,28,12,52,110,542,232,817,58,255,336,255,2331,162,84,1164,70,24,705,6,13,1883,307,23,47,190,64,43,270,93,199,19,87,3887,3278,34,282,54,1233,22,26,38,38,1,1,53,115,360,55,10,406,622,27,10,30,0,0
2016,21,Offense,16,449,1583,537,371,4115,14,16,91,231,40,345,91,659,53,31,15,47,93,451,273,941,71,204,331,258,2245,149,87,1138,55,26,732,7,14,1790,289,21,68,152,78,54,318,82,190,24,95,4518,3433,36,326,32,625,19,21,40,40,1,1,69,101,385,50,13,449,584,34,6,21,371,1148
2016,21,Defense,16,390,1709,591,375,4127,12,18,81,218,34,341,116,907,43,20,14,37,76,302,239,886,71,528,343,261,2251,190,101,1447,58,13,429,3,13,1675,216,20,49,139,55,33,240,84,202,17,85,3788,3082,38,551,47,1093,30,36,35,36,0,0,40,117,350,61,12,390,628,23,11,37,0,0
2016,22,Offense,16,335,1338,700,401,4586,15,22,91,223,31,294,105,747,50,26,16,29,80,268,186,837,64,242,373,260,2326,217,116,1609,110,25,651,3,10,1742,176,27,40,145,82,42,318,83,223,16,87,3570,2960,37,316,42,981,26,29,30,30,1,0,54,88,277,57,11,335,729,20,11,46,269,848
2016,22,Defense,16,484,1993,526,348,3828,5,11,86,228,43,433,120,840,50,26,23,39,132,620,231,1010,115,371,299,231,1930,169,99,1409,58,18,489,2,8,1937,231,14,65,123,60,43,277,112,189,20,88,3863,3247,29,412,32,778,34,37,45,45,2,2,101,143,444,90,15,484,565,29,12,27,0,0
2016,23,Offense,16,506,1853,513,346,4051,10,27,90,225,37,337,79,527,54,30,16,54,144,691,278,930,79,237,277,217,1930,158,98,1350,76,31,771,4,10,1834,341,21,91,238,60,42,313,101,208,18,90,4263,3517,42,163,40,891,22,25,37,37,1,0,54,127,447,69,15,506,567,27,10,15,436,1403
2016,23,Defense,16,396,1598,538,320,3628,15,16,71,220,21,312,92,688,34,13,18,51,88,355,212,829,93,418,309,222,1940,166,81,1258,62,17,430,6,11,1809,315,24,28,95,44,22,187,82,174,11,94,4240,3717,40,406,53,1277,36,42,26,26,3,1,41,110,355,50,12,396,589,12,8,30,0,0
2016,24,Offense,16,443,1766,529,317,3375,9,18,66,222,20,220,80,624,35,15,13,61,63,300,269,906,109,562,290,218,1907,181,85,1099,58,14,369,11,27,1826,365,16,46,97,59,36,252,82,174,16,92,4247,3573,39,290,37,786,27,35,19,19,1,0,37,128,410,55,15,443,590,15,5,29,406,1593
2016,24,Defense,16,485,1823,477,321,3624,7,10,78,213,42,376,79,683,48,32,14,35,111,378,237,923,127,539,285,225,2018,137,83,1246,54,13,360,4,9,1743,197,18,79,240,46,35,245,104,178,16,94,4027,3457,30,274,22,492,23,27,43,44,0,0,66,149,455,52,15,485,512,24,17,21,0,0
2016,25,Offense,16,465,1920,507,321,3651,7,20,79,226,31,277,96,663,37,22,12,56,70,269,296,1243,97,411,290,224,1988,161,84,1305,56,13,358,4,12,2015,353,20,57,140,40,23,143,101,169,20,100,3867,3384,29,282,41,1060,16,27,29,31,2,1,70,140,433,52,12,465,563,15,14,22,427,1676
2016,25,Defense,16,475,1980,533,326,3316,8,11,87,232,30,331,85,644,47,21,21,36,112,489,266,1113,93,384,303,223,1732,172,90,1217,57,13,367,3,8,1779,218,21,64,230,64,32,214,111,160,18,95,4068,3563,38,283,41,891,31,39,34,34,0,0,49,158,435,50,17,475,569,17,13,30,0,0
2016,26,Offense,16,430,1610,584,340,3631,3,29,75,244,26,263,87,704,44,18,17,59,99,460,221,728,107,425,322,230,1894,195,96,1329,67,14,408,6,13,2116,369,18,58,172,45,26,189,86,165,26,122,5041,4247,41,235,38,829,20,25,29,29,0,0,59,138,418,57,20,430,643,19,6,36,399,1437
2016,26,Defense,16,458,1749,561,349,3694,10,21,77,234,28,307,89,635,43,21,19,53,110,394,246,1018,95,347,339,244,2032,157,92,1322,61,13,340,4,9,1987,355,19,56,181,46,31,224,100,182,14,108,4664,4129,51,494,17,399,30,37,29,30,1,1,63,133,414,64,20,458,614,17,11,20,0,0
2016,27,Offense,16,474,2217,514,343,4038,10,13,70,207,42,430,97,704,60,24,31,46,114,581,232,1146,118,505,290,227,2154,147,89,1187,76,27,697,3,7,1753,255,18,86,267,71,37,281,118,185,21,84,4040,3370,38,397,27,680,40,42,42,42,2,2,66,148,419,71,22,474,560,22,17,20,408,1847
2016,27,Defense,16,390,1640,556,331,3876,15,19,63,218,26,275,105,751,35,13,19,65,91,367,235,1015,60,264,315,218,2078,191,101,1444,49,12,354,5,16,1865,397,24,39,73,47,30,236,72,185,17,97,4230,3695,37,327,63,1500,29,36,26,26,1,0,39,107,352,62,16,390,621,18,6,23,0,0
2016,28,Offense,16,450,1875,534,362,3753,13,17,78,224,38,342,96,674,32,17,11,35,138,723,279,1027,27,133,358,269,2302,136,83,1214,39,10,237,1,6,1835,205,17,48,127,45,32,240,92,181,9,104,4759,4186,36,295,37,770,22,30,38,38,1,0,66,130,426,87,18,450,569,23,12,22,406,1635
2016,28,Defense,16,416,1480,605,368,3799,13,19,78,237,29,322,86,587,45,21,21,45,136,517,228,781,49,186,346,242,1824,190,108,1500,68,18,475,3,6,1940,293,19,49,126,65,41,249,70,199,23,102,4358,3823,39,193,43,1168,36,38,28,30,1,0,49,105,378,58,9,416,650,20,8,28,0,0
2016,29,Offense,16,410,1317,566,361,3521,12,21,73,230,22,258,108,740,35,14,15,37,121,366,214,718,70,239,323,246,1709,181,100,1371,61,15,441,1,7,1922,208,20,43,83,50,28,140,73,169,16,93,4264,3635,48,507,42,930,32,48,22,22,1,1,43,123,387,74,13,410,603,17,5,30,386,1205
2016,29,Defense,16,433,1469,524,320,3481,13,21,73,229,26,287,82,633,41,20,17,49,73,206,231,931,116,349,304,220,1852,163,81,1051,55,19,578,3,9,1944,271,21,51,135,45,27,189,85,158,19,101,4284,3417,44,449,34,824,30,35,27,27,1,1,61,106,384,56,14,433,573,19,7,32,0,0
2016,30,Offense,16,400,1628,583,382,3900,17,15,88,236,44,389,109,724,49,29,17,45,64,247,226,886,101,505,355,276,2116,165,85,1195,61,21,589,2,9,1860,284,26,48,144,68,43,291,77,191,17,101,4005,3435,32,475,43,1237,22,26,45,45,1,1,61,98,353,56,14,400,628,31,8,24,343,1358
2016,30,Defense,16,412,1792,557,356,3904,21,9,77,225,42,382,97,676,53,29,15,46,133,556,223,1061,49,185,339,260,2397,147,77,977,70,19,530,2,10,1790,260,22,56,121,79,52,357,84,179,16,99,4448,3619,37,377,53,1117,24,31,42,42,2,1,55,113,375,59,16,412,603,29,12,35,0,0
2016,31,Offense,16,478,2059,574,351,3772,13,24,103,243,33,322,101,723,41,21,16,49,99,502,271,1207,101,361,347,241,1863,165,91,1329,62,19,580,4,10,1994,326,25,60,175,65,40,220,94,195,20,83,3648,3015,38,311,45,1045,30,37,30,30,3,1,66,116,366,73,9,478,623,23,10,27,353,1491
2016,31,Defense,16,384,1751,552,347,3666,11,16,73,213,41,368,92,679,48,29,14,49,112,627,209,861,57,270,317,235,1777,168,90,1323,67,22,566,4,10,1727,300,22,50,131,62,45,304,96,177,12,95,4316,3805,37,313,24,548,26,30,38,39,3,0,56,120,342,79,14,384,601,28,11,23,0,0
2015,0,Offense,16,489,2308,470,300,3086,12,15,87,214,35,332,77,520,45,23,16,33,143,776,301,1263,37,280,300,220,1710,127,68,1002,42,12,374,3,9,1468,186,22,83,226,60,39,178,120,160,24,83,3659,3201,33,299,32,934,25,31,35,35,1,0,64,185,452,55,14,489,503,18,14,23,422,2008
2015,0,Defense,16,481,2139,545,344,3647,6,16,90,225,37,346,103,709,51,28,20,31,91,503,271,1256,106,397,329,242,1963,154,82,1137,57,20,547,5,14,1804,177,17,78,205,56,42,272,121,179,20,83,3834,3175,31,218,47,1033,26,30,36,37,1,1,44,159,425,55,15,481,576,23,12,26,0,0
2015,1,Offense,16,358,1123,625,383,4003,14,19,79,240,28,298,108,787,41,17,21,39,100,303,200,640,54,185,396,279,2318,171,91,1223,57,13,462,3,10,2154,251,23,46,117,61,39,209,60,184,22,104,4549,3707,32,179,36,751,27,31,31,31,0,0,55,87,333,57,18,358,664,19,7,37,327,974
2015,1,Defense,16,454,1729,543,334,3636,9,23,77,234,31,348,101,774,53,21,25,56,49,222,263,1038,132,484,289,221,1964,188,96,1272,65,17,400,2,10,1877,352,17,74,179,63,36,268,86,183,19,91,4128,3629,43,562,32,809,41,45,31,31,1,1,64,133,404,65,14,454,599,22,7,29,0,0
2015,2,Offense,16,517,2269,529,346,3400,12,14,85,230,41,421,93,757,59,29,23,42,90,450,263,1121,154,713,331,255,2044,138,73,949,59,18,407,3,7,1738,235,22,87,241,61,41,318,120,171,22,84,3782,3335,42,587,41,1049,38,43,43,43,1,0,70,164,483,88,17,517,571,22,13,30,459,2053
2015,2,Defense,16,352,1673,577,326,3607,16,18,64,216,27,304,108,803,37,12,21,61,78,375,213,1075,57,229,330,223,1812,194,87,1278,52,16,517,5,18,1936,360,26,38,92,54,31,229,82,158,24,94,4323,3527,32,214,40,1026,29,33,31,31,0,0,53,111,312,51,13,352,638,13,10,34,0,0
2015,3,Offense,16,539,2599,473,296,3246,2,17,89,218,38,353,96,662,48,27,16,21,137,676,281,1351,114,580,247,189,1665,164,96,1264,60,11,317,4,7,1575,124,9,57,176,52,32,301,135,170,20,86,3997,3354,34,260,44,810,29,33,38,38,0,0,51,180,488,49,12,539,494,24,13,26,443,2062
2015,3,Defense,16,447,1930,520,352,3743,11,15,93,213,43,371,79,594,48,31,12,23,115,462,214,944,113,530,305,248,2055,143,80,1077,70,24,611,2,8,1605,153,15,62,179,64,44,342,105,189,21,79,3678,3248,41,443,39,1057,17,22,40,40,5,4,52,140,414,54,11,447,543,31,12,17,0,0
2015,4,Offense,16,491,2081,487,296,3357,5,15,76,229,33,354,101,879,48,25,16,34,115,581,287,1133,81,376,266,189,1668,153,89,1201,67,18,488,2,7,1703,202,11,54,177,56,30,235,98,162,16,97,4719,3959,48,580,31,750,34,43,36,36,0,0,59,137,431,72,13,491,521,22,11,22,414,1758
2015,4,Defense,16,442,1437,574,352,4004,8,25,70,224,26,281,87,675,36,14,16,43,88,264,259,861,89,319,331,247,2310,171,89,1246,69,16,448,3,12,1949,268,22,33,61,40,22,149,78,187,23,99,4640,3660,34,320,28,737,33,36,22,22,4,2,54,112,393,74,12,442,617,18,6,14,0,0
2015,5,Offense,16,417,1691,589,313,3665,11,20,74,230,29,275,110,762,40,22,16,39,119,462,243,1127,41,124,309,207,1814,193,87,1376,85,19,475,4,13,2026,236,23,61,143,50,28,189,92,171,23,105,4535,3924,45,369,37,853,22,26,29,29,1,0,52,94,328,85,16,417,628,16,13,39,317,1063
2015,5,Defense,16,489,1896,511,312,3496,9,11,75,245,27,315,103,720,39,15,20,56,86,351,262,1040,133,518,297,209,1864,165,84,1069,49,19,563,5,9,1943,352,22,55,131,50,27,204,90,160,23,110,5008,4099,44,371,34,777,37,40,28,28,1,1,82,137,441,84,29,489,567,18,7,15,0,0
2015,6,Offense,16,484,2341,502,325,3432,8,8,77,208,40,396,103,765,48,25,20,29,178,929,261,1163,38,258,327,242,2099,142,72,1026,32,11,307,2,8,1582,178,15,78,249,54,29,230,130,168,20,83,3893,3388,32,320,37,897,34,41,42,42,0,0,71,191,465,56,14,484,531,21,17,18,450,2212
2015,6,Defense,16,437,2124,562,353,3951,15,19,86,219,30,289,88,597,43,24,16,51,136,816,239,1063,53,256,327,245,1975,159,81,1229,74,27,747,4,11,1802,308,24,74,246,55,32,201,112,191,18,82,3572,2992,28,185,24,576,24,30,31,31,0,0,55,138,370,60,10,437,613,17,13,29,0,0
2015,7,Offense,16,395,1755,532,281,2901,11,19,61,208,23,244,107,731,30,15,12,43,91,391,245,1106,52,265,310,214,1797,157,52,675,65,15,429,4,18,1737,257,16,47,160,40,21,135,91,136,24,94,4031,3394,30,287,32,933,23,27,25,25,0,0,49,108,322,45,12,395,575,12,9,39,315,1223
2015,7,Defense,16,546,2276,507,357,4083,7,10,91,220,44,448,108,784,57,30,24,34,175,860,305,1115,56,312,313,256,2329,140,79,1050,53,22,704,0,3,1767,203,17,91,257,62,43,243,119,205,29,78,3494,2767,40,317,18,424,39,45,47,47,0,0,58,168,506,82,20,546,541,27,15,16,0,0
2015,8,Offense,16,468,1519,547,345,4113,9,12,85,253,38,355,82,663,52,28,17,50,163,680,214,581,79,271,333,234,2016,155,87,1355,59,24,742,3,10,2157,298,21,73,219,76,50,352,73,192,18,118,5056,4160,59,429,30,702,25,27,40,40,0,0,57,120,436,99,18,468,597,27,8,17,407,1355
2015,8,Defense,16,401,1531,608,357,3973,15,19,65,223,34,317,108,840,39,26,9,40,114,457,221,941,60,141,324,252,2203,197,84,1195,84,21,575,8,16,1902,228,28,49,171,50,30,233,82,191,19,109,4727,4038,59,496,34,921,19,23,36,36,1,1,58,103,348,71,10,401,648,23,10,36,0,0
2015,9,Offense,16,416,1457,543,316,2959,17,20,61,239,16,211,97,721,32,8,20,71,76,275,221,746,113,444,298,213,1492,175,89,1022,69,14,445,6,20,1966,446,30,34,78,45,26,126,65,147,21,108,4847,4007,45,576,39,791,28,35,17,17,1,0,62,99,353,77,21,416,614,9,4,29,335,1182
2015,9,Defense,16,464,1468,532,324,3359,11,8,71,238,32,300,98,773,38,16,15,42,125,493,237,736,87,259,312,228,2020,181,92,1250,37,4,89,3,13,2171,271,21,57,102,40,25,209,80,167,16,114,5050,4118,47,584,28,617,20,30,32,32,2,0,57,102,415,64,18,464,574,19,10,24,0,0
2015,10,Offense,16,478,1877,546,346,3812,7,19,85,237,40,395,97,705,38,23,12,35,134,584,220,809,113,498,340,245,2059,150,80,1142,55,21,611,7,13,2034,190,22,46,118,41,29,236,104,178,19,96,4155,3439,56,519,30,607,29,35,44,44,0,0,76,145,454,75,17,478,581,28,10,22,447,1747
2015,10,Defense,16,409,1559,532,300,3288,15,22,72,228,31,284,88,693,38,22,10,65,119,460,239,891,44,219,299,209,1712,170,77,1191,60,14,385,3,14,1970,410,21,46,118,49,29,179,71,161,18,109,4919,4187,33,336,45,1100,17,21,31,31,2,2,48,92,355,77,16,409,597,22,7,23,0,0
2015,11,Offense,16,450,1838,514,314,3593,10,19,85,235,30,314,83,671,43,16,24,40,71,213,259,1157,115,475,302,223,1998,158,70,1017,51,21,578,4,15,1948,251,17,55,82,49,24,193,85,160,27,89,4184,3433,31,172,42,917,34,40,30,30,0,0,44,108,396,56,9,450,554,20,8,18,373,1484
2015,11,Defense,16,494,2151,486,317,3449,12,15,79,216,33,328,90,727,52,26,20,46,144,604,272,1105,71,453,284,206,1648,145,90,1186,57,21,615,1,8,1785,278,22,78,209,54,34,256,108,172,18,89,3860,3288,37,291,37,911,28,36,34,34,1,0,52,141,436,55,17,494,532,18,14,26,0,0
2015,12,Offense,16,345,1746,700,381,3588,4,28,78,232,26,267,109,814,32,15,14,33,60,346,216,1116,64,291,361,261,1852,241,100,1212,94,20,524,7,18,1952,204,9,35,106,50,26,198,84,190,27,107,4316,3668,33,276,38,960,27,28,24,25,2,0,44,109,299,40,8,345,733,17,9,45,290,1385
2015,12,Defense,16,545,2440,449,289,3189,5,18,76,229,38,402,97,790,51,21,22,39,115,493,295,1361,125,599,272,203,1711,135,70,1019,42,16,459,4,7,1809,216,15,73,136,49,27,203,123,149,16,88,4191,3575,45,396,34,918,36,44,42,42,0,0,78,174,508,105,32,545,488,20,15,26,0,0
2015,13,Offense,16,450,1788,555,333,3644,17,15,86,246,32,308,103,689,45,22,19,70,114,612,233,747,92,443,299,228,1849,184,81,1133,69,24,662,6,16,2232,453,34,68,171,47,29,180,94,176,13,105,4603,3840,50,474,34,904,27,29,31,31,1,1,66,122,398,68,19,450,625,15,15,19,366,1486
2015,13,Defense,16,425,1374,533,323,3266,16,11,80,233,31,319,77,572,38,17,16,46,94,398,235,745,88,242,313,220,1671,166,88,1195,53,15,400,0,6,1904,248,23,57,78,49,31,235,80,163,14,107,4949,4115,53,543,46,1090,25,33,34,34,1,0,65,96,367,75,18,425,579,22,7,21,0,0
2015,14,Offense,16,378,1427,633,397,3989,8,19,81,223,39,338,96,725,41,23,9,35,73,319,181,666,119,450,360,265,1935,207,109,1523,66,23,531,2,7,1890,191,25,49,107,54,33,250,70,206,30,108,5268,4239,52,401,40,1095,19,26,39,39,1,1,97,109,366,85,16,378,668,26,8,37,362,1370
2015,14,Defense,16,431,1704,606,345,4011,7,14,86,247,32,333,115,830,41,21,15,49,71,354,263,918,93,437,328,237,2134,194,89,1361,81,19,516,4,13,2117,264,21,54,157,36,25,171,87,186,25,111,4983,4182,46,521,28,661,29,31,34,34,1,1,68,108,381,78,14,431,655,17,13,26,0,0
2015,15,Offense,16,370,1330,601,340,3369,14,21,64,230,24,249,107,793,27,11,10,40,111,494,217,786,38,56,339,233,1696,193,90,1283,65,17,390,5,16,2070,258,23,28,54,52,27,182,68,161,27,104,5088,4187,42,563,39,1018,25,32,24,24,1,0,51,94,334,88,12,370,641,16,5,25,325,1083
2015,15,Defense,16,512,1854,514,311,3330,11,17,81,248,32,301,113,790,38,19,12,46,150,594,282,968,62,313,324,230,1995,127,70,1015,63,11,320,5,10,2038,290,18,52,159,51,36,278,92,163,27,112,5046,4087,48,485,14,345,21,26,34,34,0,0,73,143,459,102,19,512,560,20,9,21,0,0
2015,16,Offense,16,444,1866,554,359,3688,10,14,86,231,36,311,104,746,46,28,11,57,98,356,256,1098,83,420,332,253,2074,160,88,1159,59,18,455,5,10,1995,314,15,66,248,45,31,205,108,177,16,102,4660,3923,35,343,42,1139,18,23,35,36,0,0,54,142,409,83,13,444,611,15,18,31,381,1602
2015,16,Defense,16,439,2015,558,336,3470,8,20,84,225,35,330,79,567,50,27,18,38,91,515,238,1121,107,383,327,237,1849,171,78,1066,57,21,555,1,10,1747,241,16,52,148,75,47,225,109,175,25,93,4216,3555,38,257,37,944,26,27,34,34,2,1,57,143,401,67,8,439,596,21,11,30,0,0
2015,17,Offense,16,373,1546,602,398,4351,12,16,74,225,34,348,106,739,43,19,21,74,98,516,183,759,85,282,355,269,2252,189,109,1544,53,20,555,3,9,1849,422,28,36,73,69,44,309,67,210,24,84,4024,3380,50,598,33,703,36,43,30,31,3,3,56,127,348,66,15,373,676,27,5,30,344,1411
2015,17,Defense,16,446,2056,537,337,3588,8,9,82,224,41,390,109,802,51,27,18,38,110,581,267,1216,63,268,318,232,1697,165,84,1234,52,21,657,1,4,1785,239,16,68,196,71,43,287,109,178,24,100,4562,3835,34,324,22,536,25,31,45,45,0,0,46,144,389,61,15,446,575,26,12,26,0,0
2015,18,Offense,16,408,1747,610,381,4551,8,21,93,232,51,454,95,705,50,27,18,46,109,555,217,858,76,342,351,267,2681,197,99,1471,60,15,399,5,8,1940,296,18,61,103,68,43,321,78,226,21,86,3820,3417,38,463,42,1217,27,36,51,51,2,1,59,115,376,58,15,408,656,38,10,19,367,1551
2015,18,Defense,16,429,2020,604,375,4689,11,17,76,215,48,417,110,784,45,27,13,34,116,508,239,1134,68,386,340,260,2615,191,92,1405,69,23,669,6,11,1697,229,18,51,167,64,41,325,102,212,22,88,3994,3091,37,290,56,1265,23,33,46,46,3,1,67,136,376,79,13,429,638,34,11,45,0,0
2015,19,Offense,16,483,2054,498,357,4513,3,14,86,203,55,474,105,823,60,39,16,24,131,708,297,1159,46,197,303,254,2334,136,83,1563,57,20,616,2,3,1599,143,11,79,193,70,54,397,113,214,17,81,3732,3188,28,262,36,1075,20,25,58,58,1,1,69,164,466,66,21,483,522,39,15,17,445,1940
2015,19,Defense,16,428,1803,580,350,4046,5,23,94,226,32,299,98,693,37,18,14,24,84,398,244,1031,95,379,319,222,2043,198,111,1508,61,17,495,4,12,1824,156,14,46,116,49,24,183,84,199,26,89,3912,3370,36,204,57,1400,23,27,32,33,0,0,37,125,380,43,10,428,604,21,10,27,0,0
2015,20,Offense,16,498,2063,508,351,3979,11,10,105,227,41,387,110,770,53,27,20,30,91,406,317,1294,81,375,329,255,2311,132,81,1254,42,15,414,0,10,1605,182,19,75,244,65,44,270,114,190,17,76,3566,2923,28,195,35,940,28,30,39,40,3,2,55,142,424,70,17,498,538,26,13,17,404,1552
2015,20,Defense,16,366,1628,586,365,4036,6,19,83,216,40,359,109,778,53,30,19,51,95,496,192,799,71,343,317,243,1953,180,91,1222,84,31,861,8,20,1765,319,23,66,181,68,46,352,83,195,19,74,3281,2926,32,263,58,1372,24,28,41,41,0,0,45,105,322,57,6,366,637,24,14,20,0,0
2015,21,Offense,16,452,2176,543,349,4179,9,19,87,208,37,326,124,903,48,27,15,40,126,638,247,1167,73,379,306,233,2123,168,96,1396,66,20,660,1,11,1804,301,22,79,213,48,32,219,113,191,19,85,4126,3510,35,374,33,635,20,22,34,34,4,2,54,147,396,58,9,452,583,23,13,23,389,1801
2015,21,Defense,16,452,1777,535,347,3734,7,17,92,220,39,348,78,525,45,27,14,33,87,430,290,1092,69,263,321,243,2064,163,95,1476,49,9,194,4,10,1669,190,15,66,113,60,42,323,87,202,25,85,3834,3120,30,236,33,792,23,26,39,39,0,0,56,118,413,58,15,452,568,32,5,25,0,0
2015,22,Offense,16,401,2088,631,341,3691,9,14,88,228,41,373,111,734,51,28,19,34,96,589,240,1267,55,244,325,223,1784,212,100,1389,91,18,518,5,17,1852,189,14,72,273,70,41,259,111,185,17,89,3877,3192,38,337,43,1172,26,30,41,41,1,1,50,139,330,57,11,401,665,21,18,43,316,1593
2015,22,Defense,16,479,1979,533,343,3871,7,11,83,222,42,389,93,626,44,24,14,41,130,703,243,905,94,387,307,241,2039,166,88,1451,58,14,381,3,10,1712,234,14,67,199,52,30,198,107,184,17,89,3869,3239,39,468,39,977,33,39,38,41,1,0,79,167,441,96,27,479,574,28,11,31,0,0
2015,23,Offense,16,494,2212,513,338,3616,14,10,98,232,37,347,92,649,50,27,16,44,159,702,259,1225,67,299,286,229,1945,165,91,1201,58,18,470,3,9,1740,298,21,72,247,60,37,319,115,177,18,91,4334,3558,44,231,36,773,23,31,38,39,1,0,53,142,420,67,17,494,557,23,14,22,410,1677
2015,23,Defense,16,427,1520,548,331,3650,9,14,84,241,28,293,97,683,45,18,20,52,119,537,217,755,78,245,304,223,1727,164,84,1276,77,24,647,7,16,2189,345,21,66,179,52,31,197,87,164,14,95,4106,3615,39,376,51,1329,29,34,28,28,1,1,42,107,369,65,13,427,600,17,10,21,0,0
2015,24,Offense,16,602,2476,494,316,3636,6,20,104,238,44,390,77,613,52,33,15,32,99,514,363,1447,130,528,284,211,1823,153,90,1357,56,15,456,3,9,1821,245,14,84,247,52,34,263,141,189,23,88,4167,3230,44,400,29,668,22,27,46,46,0,0,63,187,545,75,15,602,526,22,21,18,535,2129
2015,24,Defense,16,372,1478,555,335,3664,13,18,74,211,33,299,96,686,36,24,8,34,91,374,191,692,78,426,318,231,1986,171,87,1165,65,17,513,3,12,1759,226,25,47,152,52,30,204,68,184,17,97,4387,3747,36,417,30,765,16,20,35,35,1,0,47,95,331,62,15,372,589,21,10,28,0,0
2015,25,Offense,16,471,1793,512,339,4151,12,11,83,224,42,389,95,675,47,28,17,48,118,385,283,1232,54,198,299,235,2117,164,87,1452,49,17,582,5,12,2035,288,25,68,117,64,44,329,97,199,17,88,4028,3283,44,297,30,777,24,30,43,44,1,1,59,133,422,68,17,471,560,31,9,21,407,1516
2015,25,Defense,16,435,1782,562,330,3216,12,21,78,225,26,268,81,566,43,22,18,33,134,542,234,938,61,308,325,226,1646,168,88,1139,68,16,431,3,14,1749,214,20,55,183,61,35,237,101,162,20,92,4162,3605,34,305,50,1143,27,31,25,25,2,0,57,136,397,55,14,435,595,13,13,36,0,0
2015,26,Offense,16,413,1408,574,337,3715,9,16,64,221,28,296,92,678,42,21,16,41,120,416,193,641,88,365,318,232,2034,188,89,1264,68,16,417,7,16,1961,245,15,59,153,51,27,196,86,176,21,104,4397,3644,35,379,37,877,24,28,30,30,2,1,57,113,374,75,17,413,615,15,10,34,356,1138
2015,26,Defense,16,474,1945,541,324,3664,11,21,85,227,34,350,96,694,46,24,19,36,157,605,274,1171,37,180,314,233,1986,150,75,1147,75,16,531,3,9,1986,204,21,64,146,60,34,231,114,173,24,89,4212,3493,45,520,28,763,32,37,36,36,0,0,72,152,431,83,20,474,577,19,12,27,0,0
2015,27,Offense,16,490,2111,536,305,3303,12,17,77,234,32,321,99,730,42,19,17,51,150,706,252,1104,82,309,290,202,1621,176,86,1204,67,17,478,4,11,2020,300,20,56,128,56,28,172,112,165,24,97,4560,3606,42,443,31,750,30,37,33,33,0,0,62,147,433,75,21,490,587,21,8,31,426,1747
2015,27,Defense,16,432,1514,544,313,3516,10,20,69,234,25,276,99,780,37,14,20,42,95,251,247,1034,85,235,316,218,2043,180,83,1144,47,12,329,4,14,1978,240,20,45,127,52,29,184,69,171,16,105,4805,4042,41,474,27,572,34,38,24,25,0,0,70,111,385,74,13,432,586,13,10,32,0,0
2015,28,Offense,16,541,1916,458,307,3536,10,16,87,235,30,326,84,702,48,20,20,36,98,358,257,992,177,581,284,220,2024,119,67,944,55,20,568,1,3,1928,207,25,55,120,49,30,228,100,172,13,90,4030,3573,41,541,33,902,39,44,29,30,0,0,70,147,523,69,23,541,494,17,11,20,500,1815
2015,28,Defense,16,398,1525,607,362,3782,10,12,74,232,27,288,104,726,32,16,14,45,101,424,231,915,62,191,305,237,1836,217,108,1455,78,17,491,6,18,2108,261,16,37,101,37,24,181,77,184,27,107,4790,3969,32,257,53,1311,30,32,28,28,0,0,42,106,349,47,9,398,652,24,3,36,0,0
2015,29,Offense,16,483,1766,526,351,3920,7,21,74,212,34,352,96,711,41,21,17,26,90,446,299,1028,88,299,306,240,2043,155,94,1414,58,17,463,3,6,1694,165,16,66,117,58,41,288,93,194,23,88,3875,3194,46,401,34,777,33,35,33,33,3,2,54,134,439,89,14,483,552,25,6,14,434,1577
2015,29,Defense,16,393,1867,548,320,3292,7,13,74,228,28,281,112,905,37,18,16,65,140,722,189,879,61,270,309,222,1685,182,85,1288,53,13,319,3,8,1943,396,21,48,129,48,28,204,98,152,25,103,4824,4030,49,512,26,718,26,32,27,27,2,1,51,137,361,48,16,393,613,15,10,32,0,0
2015,30,Offense,16,291,898,597,300,3038,11,21,50,227,10,151,91,620,17,6,7,70,92,262,142,517,56,120,332,211,1593,198,74,1042,66,15,403,0,15,2048,418,21,14,26,30,13,112,40,131,25,125,5380,4443,31,214,39,979,20,25,13,13,0,0,53,61,249,47,12,291,667,6,2,41,244,665
2015,30,Defense,16,603,2620,480,313,3450,8,15,100,236,51,485,110,844,60,35,18,32,159,743,309,1277,125,615,318,220,1686,121,77,1297,41,16,467,3,5,1830,199,25,98,307,70,40,317,154,169,22,90,4025,3291,59,577,30,886,31,39,56,56,0,0,96,212,557,88,19,603,512,24,21,18,0,0
2015,31,Offense,16,464,1784,495,294,3243,12,13,79,225,30,339,83,614,39,17,19,49,106,428,276,984,78,378,263,188,1487,172,85,1174,57,21,582,5,17,1830,282,26,58,158,40,21,137,96,161,22,85,3786,3393,31,206,35,918,33,37,32,32,2,1,51,109,366,72,22,464,544,21,8,20,359,1266
2015,31,Defense,16,451,2239,580,358,3567,11,22,100,234,37,336,99,726,38,22,13,30,97,541,248,1268,100,438,346,255,2037,176,89,1188,57,14,342,4,15,1833,184,18,54,160,50,29,216,108,181,17,79,3663,3077,32,213,25,498,26,31,36,37,0,0,62,150,422,55,14,451,610,20,15,30,0,0
2014,0,Offense,16,452,1758,571,361,3783,8,4,94,241,29,324,94,732,43,21,19,51,126,576,270,1027,49,165,330,244,2005,190,98,1188,50,19,590,2,5,1952,277,15,57,168,56,30,179,97,193,23,104,4299,3608,38,268,44,1090,28,34,34,34,0,0,68,135,419,61,10,452,622,13,15,30,393,1514
2014,0,Defense,16,418,1954,536,332,3733,8,15,73,208,40,358,104,756,45,25,17,40,94,521,240,1129,75,316,295,229,1990,183,84,1233,58,19,510,6,10,1814,230,21,57,148,50,35,260,104,181,23,95,4303,3635,42,411,38,852,24,25,40,41,0,0,65,121,361,59,16,418,576,25,13,30,0,0
2014,1,Offense,16,279,981,685,382,3785,6,21,64,227,21,241,97,685,31,11,18,25,70,356,161,487,42,145,418,278,2253,192,89,1172,75,15,360,6,15,1924,169,8,34,78,51,29,176,54,173,30,112,4954,4164,35,316,33,709,27,28,20,20,3,1,57,80,257,70,16,279,710,14,7,46,256,887
2014,1,Defense,16,544,2490,570,360,3873,6,13,102,246,41,406,122,900,51,27,22,27,132,606,282,1306,116,597,365,268,2344,141,75,1038,62,17,491,5,8,1887,158,13,74,226,47,31,225,135,204,15,90,4079,3423,55,570,32,698,33,41,43,43,1,0,95,182,495,82,20,544,597,26,15,32,0,0
2014,2,Offense,16,406,1532,664,404,3793,11,24,83,250,30,290,105,722,43,19,19,37,132,511,205,811,61,223,379,282,1988,206,102,1310,74,20,495,7,15,1985,257,18,57,108,51,34,163,87,190,24,108,4982,3959,49,463,28,624,24,31,30,30,1,1,70,118,360,63,24,406,701,17,11,36,348,1260
2014,2,Defense,16,427,1692,571,321,3335,9,22,91,252,40,401,92,649,47,24,20,41,124,469,220,939,74,295,338,223,1662,162,76,1042,71,22,631,1,6,2079,274,10,60,135,67,31,220,90,161,19,109,4856,4116,51,703,38,889,30,32,43,43,0,0,68,118,376,76,19,427,612,22,15,32,0,0
2014,3,Offense,16,537,2272,444,274,2986,10,14,83,224,33,309,80,556,44,27,15,24,77,338,285,1213,170,727,251,188,1646,146,74,1018,47,12,322,2,8,1585,148,15,77,209,50,35,180,112,155,12,101,4264,3677,20,109,42,812,23,26,32,32,2,1,71,160,484,38,8,537,468,21,11,27,446,1856
2014,3,Defense,16,442,1796,514,329,3546,10,13,75,214,35,325,99,686,39,20,17,38,99,344,224,921,113,538,299,233,1879,155,80,1207,56,16,460,2,11,1736,225,19,52,162,47,36,233,93,172,20,92,4022,3493,37,287,43,1035,24,32,35,36,0,0,43,143,391,52,15,442,552,23,11,26,0,0
2014,4,Offense,16,542,2076,448,256,2925,9,15,87,241,38,384,95,682,42,25,14,39,143,527,249,1070,144,486,240,166,1356,145,71,1052,62,19,517,1,8,1977,242,26,55,145,40,22,167,114,143,15,106,5025,4147,44,519,31,722,27,31,43,43,0,0,72,142,473,68,17,542,487,21,16,28,459,1548
2014,4,Defense,16,420,1855,581,339,3525,18,20,75,231,29,302,95,638,39,19,14,47,131,678,233,997,47,192,331,238,2036,180,88,1120,69,13,369,5,14,1830,276,23,55,172,43,20,110,99,161,24,104,4590,3831,45,438,35,765,23,28,31,31,2,1,46,122,370,68,12,420,628,10,18,32,0,0
2014,5,Offense,16,425,1672,606,318,3545,16,18,60,234,27,254,107,797,29,15,12,34,67,131,236,1212,118,334,302,209,1840,199,86,1050,103,23,655,6,17,2064,190,23,47,128,26,18,174,90,162,15,121,5155,4527,54,300,31,668,19,26,25,26,2,1,43,97,336,86,15,425,640,15,9,36,312,922
2014,5,Defense,16,489,2197,546,340,3330,13,8,71,239,41,379,97,731,56,30,22,45,99,545,244,1033,141,626,328,237,1862,174,92,1164,41,11,304,3,6,1885,260,23,72,182,71,43,320,117,157,15,122,5303,4583,50,408,36,819,30,33,41,41,0,0,107,161,446,78,18,489,591,22,16,21,0,0
2014,6,Offense,16,465,1999,570,361,4012,13,25,85,217,42,381,118,883,50,25,17,32,163,838,219,881,75,289,331,245,2067,175,93,1329,62,23,616,5,9,1679,193,25,68,156,69,43,314,110,199,24,79,3777,3197,36,392,24,581,25,32,42,42,2,0,77,151,437,77,17,465,602,25,14,26,429,1841
2014,6,Defense,16,398,1702,616,360,3705,10,18,77,240,31,323,88,570,44,20,20,46,115,432,203,878,76,396,367,264,2216,161,74,951,82,22,538,7,19,1939,273,15,42,77,69,44,177,88,177,18,91,4016,3373,35,260,25,653,28,34,33,33,1,1,60,104,350,54,13,398,662,20,8,33,0,0
2014,7,Offense,16,424,1821,564,314,3249,8,13,72,235,24,284,107,791,42,19,21,43,48,157,264,1167,105,507,315,211,1582,182,83,1132,64,20,535,3,14,2032,263,16,53,187,49,22,172,88,157,31,103,4419,3811,35,289,41,1041,34,41,26,26,0,0,67,112,340,63,19,424,607,13,10,40,325,1205
2014,7,Defense,16,486,2057,584,345,3763,16,15,91,243,28,296,118,961,44,22,17,40,149,611,253,1107,80,345,326,234,1892,180,95,1355,76,16,516,4,12,1864,223,23,78,182,40,28,176,113,175,24,96,4272,3466,44,388,43,884,29,36,29,30,0,0,65,150,439,78,15,486,624,17,9,30,0,0
2014,8,Offense,16,433,1812,548,290,3278,9,14,72,226,27,266,81,619,42,20,18,40,94,505,279,1049,51,270,279,198,1774,183,72,983,84,20,521,6,17,1899,257,23,52,164,46,27,191,91,159,18,106,4531,3790,44,380,37,910,23,24,25,25,2,2,49,122,376,62,25,433,588,17,8,34,357,1393
2014,8,Defense,16,477,1846,563,368,4082,14,12,89,227,38,353,88,689,47,32,13,35,130,523,270,1108,72,223,342,267,2352,162,85,1247,56,16,483,4,11,1893,227,23,58,165,56,42,322,108,193,14,94,4198,3558,33,281,30,704,24,29,37,39,1,1,79,138,419,75,9,477,598,26,10,24,0,0
2014,9,Offense,16,445,1707,529,298,2847,16,16,53,229,22,229,90,694,31,15,12,46,108,541,252,919,80,253,310,214,1531,159,69,872,56,15,444,8,16,1942,259,18,40,114,33,18,115,85,135,18,134,5500,4645,48,458,38,769,22,25,23,23,0,0,65,115,397,69,12,445,575,11,9,33,385,1476
2014,9,Defense,16,479,1841,545,324,3646,9,17,76,239,40,385,110,760,53,31,15,41,117,370,240,1058,112,426,326,230,2340,163,86,1091,54,8,215,4,8,1973,242,18,73,244,68,41,291,97,167,11,111,4945,4087,51,635,21,493,30,37,41,41,1,0,59,129,430,59,17,479,586,25,15,27,0,0
2014,10,Offense,16,510,2178,537,322,3621,12,15,92,246,36,364,95,638,58,29,23,56,116,494,236,989,149,709,302,213,1956,177,95,1319,56,14,346,4,9,2100,307,24,76,253,69,38,277,115,174,17,93,4004,3282,40,294,41,892,35,43,35,35,1,0,62,167,466,77,18,510,593,17,18,24,458,2001
2014,10,Defense,16,398,1368,540,313,3425,15,21,75,229,22,267,102,746,34,14,17,54,70,213,213,792,111,368,318,222,1879,150,76,1109,69,15,437,2,11,1875,333,20,38,115,30,16,125,64,159,19,100,4358,3744,36,322,22,508,31,35,24,24,0,0,69,94,355,58,16,398,594,13,7,23,0,0
2014,11,Offense,16,432,1608,571,376,4097,12,25,90,213,36,322,84,658,36,25,9,34,105,400,269,1059,53,155,342,266,2232,164,88,1288,61,22,577,3,8,1667,187,18,50,150,65,44,291,98,199,15,86,3928,3268,26,98,41,799,19,23,37,37,1,0,44,117,374,53,17,432,605,24,12,20,349,1171
2014,11,Defense,16,435,2059,564,375,4107,7,18,81,209,43,400,90,676,47,25,19,33,101,612,245,1155,79,304,326,253,2201,169,97,1265,67,25,641,4,7,1682,215,18,66,225,50,36,235,110,194,17,75,3353,2935,32,260,35,826,29,37,43,44,0,0,44,149,383,59,11,435,597,23,18,26,0,0
2014,12,Offense,16,369,1526,669,377,4345,12,26,73,227,43,414,98,760,54,30,20,36,99,393,179,757,83,389,335,242,2084,220,102,1414,110,33,847,7,13,1984,215,17,60,73,75,51,351,81,208,22,106,4891,4035,50,371,41,897,24,26,46,48,0,0,78,98,324,76,17,369,705,26,15,38,312,1214
2014,12,Defense,16,418,1378,641,387,4235,10,22,78,246,35,378,106,775,41,19,19,43,108,328,243,919,63,136,354,267,2283,221,99,1417,63,21,535,8,16,2154,252,24,58,157,58,34,237,74,200,23,102,4486,3735,35,356,47,1130,34,41,36,36,4,0,100,104,366,83,18,418,684,24,9,28,0,0
2014,13,Offense,16,379,1699,542,317,2914,20,18,51,224,23,244,96,660,27,13,12,74,102,469,190,848,81,392,314,229,1399,173,69,985,53,19,530,8,23,2023,476,27,35,126,41,21,115,80,129,15,116,5130,4292,44,318,50,1107,21,22,23,24,2,1,65,108,307,51,11,379,616,8,13,36,304,1360
2014,13,Defense,16,509,1706,545,353,3608,11,16,83,243,38,383,98,773,55,30,21,35,115,431,280,1040,100,253,338,256,1967,146,78,1135,61,19,506,1,3,2049,196,31,71,175,68,50,335,85,185,19,106,4559,3841,50,478,41,1041,38,41,37,37,1,0,62,105,450,50,20,509,580,23,12,27,0,0
2014,14,Offense,16,365,1392,681,390,3656,13,23,75,243,20,265,92,622,44,14,26,37,44,187,204,850,108,366,397,289,2084,214,86,1143,67,15,429,3,14,1939,239,23,30,64,66,42,196,77,174,19,107,4571,3960,54,360,37,893,38,41,19,20,2,0,61,118,334,55,12,365,718,13,5,44,325,1209
2014,14,Defense,16,465,1718,514,314,3512,11,21,72,228,35,352,90,645,39,22,13,38,127,566,243,915,86,249,293,210,1769,170,87,1279,49,17,464,3,5,1864,258,16,50,151,45,31,209,86,169,14,116,5210,4430,43,291,32,744,23,28,39,40,0,0,75,119,414,79,24,465,552,22,12,28,0,0
2014,15,Offense,16,441,1932,527,356,4165,8,10,72,208,44,421,87,676,50,28,20,41,128,526,222,974,88,435,315,247,2316,165,96,1431,43,13,418,3,9,1605,241,19,67,227,61,43,269,106,191,19,83,3948,3262,40,422,35,738,30,38,47,47,0,0,67,135,399,73,19,441,568,31,11,15,376,1503
2014,15,Defense,16,443,2011,545,318,3606,14,13,85,224,33,307,107,716,47,24,21,37,119,495,233,1104,85,419,312,223,2026,163,74,986,68,21,594,3,12,1779,192,23,72,169,62,37,245,94,179,20,92,3980,3278,41,366,49,1169,26,31,31,32,1,0,57,135,394,68,10,443,582,25,7,26,0,0
2014,16,Offense,16,413,1630,561,367,3887,5,14,75,225,39,396,91,649,42,24,16,41,97,457,269,1104,44,72,349,276,2334,154,81,1274,55,10,279,5,10,2026,240,16,50,95,56,46,256,77,185,13,96,4413,3778,40,420,36,993,32,35,42,43,0,0,63,101,373,64,17,413,602,25,11,19,357,1165
2014,16,Defense,16,459,1926,532,312,3256,14,14,63,220,25,273,91,689,33,17,15,36,87,386,256,1037,111,510,293,215,1635,171,78,1144,66,19,477,5,9,1730,219,20,45,102,41,30,190,93,166,18,107,4634,3874,44,315,62,1443,28,36,23,23,3,1,57,136,411,61,16,459,568,17,8,26,0,0
2014,17,Offense,16,367,1556,624,370,3596,18,17,77,246,26,289,98,690,38,19,18,70,126,603,200,845,34,116,404,274,2119,154,79,1016,63,17,461,5,10,1890,387,26,57,135,47,28,243,81,176,26,103,4869,4155,40,479,38,891,35,44,26,26,0,0,55,119,347,56,21,367,694,20,6,28,336,1429
2014,17,Defense,16,417,1870,577,361,3727,7,20,70,220,33,329,107,780,40,21,15,37,90,404,241,1222,83,249,350,258,2077,163,88,1199,62,15,451,3,9,1761,215,17,59,141,46,27,239,100,173,19,105,4681,3962,50,434,24,574,24,32,35,36,1,0,74,132,367,84,20,417,614,18,13,31,0,0
2014,18,Offense,16,355,1483,641,381,4421,10,30,81,221,41,377,107,756,45,27,12,40,114,431,198,899,37,159,354,247,2173,212,115,1659,75,19,589,3,11,1905,257,13,48,149,72,46,338,78,205,23,92,4143,3366,44,518,47,1101,23,26,42,43,1,1,78,117,329,61,16,355,681,29,10,23,323,1300
2014,18,Defense,16,451,1664,647,389,4185,9,14,88,249,45,429,101,726,56,32,22,26,140,485,241,929,60,264,361,259,2003,205,104,1420,78,26,762,8,16,1932,142,16,74,226,86,60,437,83,216,25,96,4486,3568,42,497,35,828,33,36,46,46,1,0,76,120,402,74,19,451,673,32,12,49,0,0
2014,19,Offense,16,500,1896,533,370,4257,14,8,82,222,52,494,101,724,64,40,21,30,156,547,232,1013,102,350,326,257,2305,146,91,1316,61,22,636,1,2,1683,190,20,73,188,78,61,469,104,208,14,84,3769,3194,51,554,41,1183,35,47,55,55,0,0,78,159,478,56,15,500,563,39,13,16,468,1767
2014,19,Defense,16,388,1636,559,315,3070,13,21,58,222,25,261,73,581,36,12,21,46,71,304,269,1147,46,188,325,228,1760,170,76,1041,63,11,269,5,13,1862,274,23,44,89,49,33,181,78,141,26,112,5058,4300,34,175,36,764,28,28,23,23,2,1,61,103,332,57,10,388,605,13,9,29,0,0
2014,20,Offense,16,515,2124,475,323,3249,10,7,89,227,30,318,103,851,42,18,23,23,86,375,337,1501,88,253,311,236,1790,123,75,1075,41,12,384,3,6,1631,163,21,68,198,41,29,185,118,155,21,92,4396,3708,47,422,34,765,32,35,30,30,1,1,64,124,427,61,17,515,498,22,8,14,409,1498
2014,20,Defense,16,395,1615,577,370,3893,7,11,86,225,31,285,92,631,41,23,14,39,111,473,212,939,67,210,356,274,2260,164,80,1079,57,16,554,3,10,1790,229,14,42,129,55,38,233,84,186,24,93,4134,3412,41,248,28,616,22,27,27,28,3,2,53,112,346,54,11,395,616,21,10,24,0,0
2014,21,Offense,16,518,2432,587,368,4094,18,21,102,249,39,377,107,799,51,27,18,24,213,999,221,1101,76,341,322,239,1942,195,107,1478,65,22,674,13,19,1942,160,25,85,257,57,39,248,115,205,11,87,3763,3052,50,502,36,839,27,31,40,40,2,1,72,158,454,65,17,518,611,21,17,29,437,1957
2014,21,Defense,16,369,1167,573,349,4001,8,17,72,222,33,313,68,473,49,24,15,48,70,249,218,655,74,276,316,232,1995,190,98,1376,67,19,630,2,9,1978,282,12,47,115,72,36,235,61,189,21,106,4639,3797,33,271,49,1193,23,28,34,34,0,0,70,80,330,50,12,369,621,24,8,31,0,0
2014,22,Offense,16,437,1695,609,409,4572,6,19,92,221,45,444,86,722,60,29,22,29,91,411,265,1002,67,303,355,279,2371,179,107,1542,73,23,659,4,9,1690,178,14,70,170,91,58,406,92,231,20,81,3345,2802,38,266,32,829,30,35,48,48,2,2,67,129,373,61,12,437,638,29,15,29,367,1387
2014,22,Defense,16,431,2028,556,330,3457,11,21,77,219,35,350,85,646,46,29,14,40,123,649,225,1031,75,357,314,230,1828,175,82,1134,67,18,495,4,16,1727,273,26,47,120,65,44,308,114,171,20,82,3473,3027,33,319,38,931,28,34,34,34,4,2,54,166,393,44,15,431,596,19,14,40,0,0
2014,23,Offense,16,457,1728,548,336,3755,13,17,87,238,35,317,94,683,38,25,13,45,136,489,245,893,71,354,300,221,1888,179,100,1427,67,15,440,5,11,1927,283,24,40,79,50,34,291,76,187,24,103,4461,3738,41,395,35,706,24,29,29,31,4,2,64,108,406,59,13,457,593,25,10,32,400,1379
2014,23,Defense,16,446,1594,552,346,3735,8,11,74,229,34,316,109,874,43,26,15,42,126,456,197,710,117,438,305,239,1895,181,89,1328,64,18,512,3,13,1899,246,14,56,105,45,29,224,92,177,16,107,4691,3696,46,443,41,993,24,27,34,35,0,0,63,112,395,57,16,446,594,19,15,26,0,0
2014,24,Offense,16,536,2185,537,309,2955,10,15,86,251,28,331,76,616,49,23,23,44,136,539,323,1276,73,377,281,212,1467,187,78,1012,65,19,476,6,13,1938,254,22,69,164,66,36,223,122,161,15,105,4536,3991,49,543,35,857,34,37,27,27,4,3,51,166,477,63,11,536,581,19,8,39,456,1781
2014,24,Defense,16,436,1647,474,286,3205,17,15,67,216,27,283,81,574,30,15,13,40,108,394,242,951,80,312,283,197,1744,140,74,980,51,15,481,4,12,1673,250,30,34,101,28,20,139,83,142,11,103,4610,3627,35,245,51,1238,22,27,29,29,2,1,72,108,382,60,14,436,514,19,7,24,0,0
2014,25,Offense,16,422,1790,568,380,4492,11,19,71,204,40,352,129,914,45,29,12,43,155,678,233,1019,23,106,341,266,2481,164,99,1615,62,15,396,8,16,1795,262,21,41,135,51,30,222,95,216,17,92,4239,3432,33,299,36,895,18,19,40,40,2,0,70,128,377,77,13,422,611,27,11,21,364,1519
2014,25,Defense,16,397,1481,612,376,4242,10,13,86,238,32,345,90,621,44,19,21,44,95,318,233,990,63,181,347,256,2261,187,97,1356,77,23,625,5,12,2033,272,16,47,117,52,24,172,82,203,22,94,4089,3450,51,470,42,1009,31,35,32,32,3,2,54,100,336,63,12,397,656,20,11,33,0,0
2014,26,Offense,16,422,1568,565,360,4385,13,21,87,216,41,362,98,716,49,31,15,49,124,483,190,823,102,273,320,235,2349,178,106,1533,67,19,503,1,8,1730,278,21,64,176,53,35,256,95,202,20,88,4054,3069,49,322,40,1042,20,24,42,42,1,1,67,107,380,51,14,422,614,26,13,20,357,1261
2014,26,Defense,16,450,1842,528,323,3639,9,16,77,221,34,354,102,756,44,25,17,44,149,709,243,930,47,217,299,219,1877,174,87,1287,53,17,475,3,12,1889,278,17,63,161,54,33,213,95,182,14,98,4550,3988,30,385,32,721,24,29,36,36,4,3,51,138,395,73,13,450,572,27,6,28,0,0
2014,27,Offense,16,555,2566,451,285,3132,11,10,75,222,42,441,104,740,63,30,29,44,197,1110,236,1010,112,459,293,212,1927,110,63,861,48,10,344,2,4,1794,254,20,111,331,53,29,203,139,146,19,99,4680,3933,53,666,32,750,35,40,46,47,1,1,76,186,516,77,22,555,495,13,27,21,493,2260
2014,27,Defense,16,381,1255,607,347,3751,12,24,72,235,26,274,111,823,34,18,15,47,100,359,193,665,83,239,345,222,1700,186,100,1351,76,25,700,6,16,2045,277,26,36,52,53,31,243,71,172,22,108,4965,4119,36,367,46,974,23,29,27,27,2,1,44,98,343,59,10,381,654,20,5,38,0,0
2014,28,Offense,16,471,1931,523,352,3697,7,23,80,223,33,349,86,578,48,21,20,55,108,362,196,830,156,751,327,261,2091,147,76,1139,48,15,467,2,9,1891,332,20,66,176,46,33,156,100,177,15,91,4109,3561,35,269,33,677,30,34,35,35,2,0,62,149,440,74,13,471,578,19,12,21,411,1679
2014,28,Defense,16,353,1218,617,385,4415,15,21,70,208,35,340,83,591,43,22,14,34,94,365,188,669,63,194,331,246,1977,200,110,1571,83,29,867,6,15,1755,225,23,44,102,72,47,338,62,215,27,88,4047,3398,48,368,43,1011,22,29,38,39,0,0,53,82,301,47,10,353,651,28,7,30,0,0
2014,29,Offense,16,409,1340,564,370,4695,9,11,86,221,51,449,93,659,56,33,16,33,79,257,223,778,97,321,320,244,2302,157,93,1396,87,33,997,1,5,1713,188,17,64,178,71,50,369,73,222,20,84,3856,3176,26,399,31,692,27,36,50,52,1,0,61,108,378,87,14,409,597,41,9,33,354,1107
2014,29,Defense,16,419,1864,608,368,3841,15,26,81,226,28,283,85,629,41,22,15,54,152,697,198,854,66,315,350,252,1832,183,95,1389,70,21,620,10,24,1790,306,23,51,210,57,40,206,91,195,29,88,3931,3232,36,280,46,986,22,25,31,31,0,0,56,134,373,67,14,419,662,19,8,23,0,0
2014,30,Offense,16,346,1356,618,310,2908,11,25,60,240,17,183,129,902,27,10,12,41,61,214,196,761,86,385,378,235,1698,170,63,843,69,12,367,2,21,2271,244,22,21,31,41,22,100,65,131,27,113,4915,4122,43,364,54,1141,22,29,15,15,1,0,57,86,281,60,10,346,659,11,4,33,264,847
2014,30,Defense,16,510,2174,546,353,3598,13,17,81,237,34,393,112,848,62,21,31,42,144,740,266,1067,90,380,341,259,2200,155,85,1155,48,9,243,2,4,1869,260,19,99,243,58,36,189,124,168,24,96,4387,3714,55,576,26,562,43,50,36,36,1,1,75,166,470,85,34,510,588,10,22,18,0,0
2014,31,Offense,16,391,1589,597,376,3998,9,5,70,226,29,329,69,470,36,16,19,26,76,347,253,1063,57,185,382,283,2405,159,77,1040,54,16,553,2,6,1743,152,16,47,104,43,30,179,79,185,25,98,4300,3643,36,289,36,940,38,51,29,29,2,0,78,107,321,66,18,391,623,22,5,29,313,1194
2014,31,Defense,16,468,2183,617,374,4048,9,18,90,232,37,357,101,731,49,28,20,27,87,519,249,1034,127,637,349,258,2013,180,94,1463,83,22,572,6,11,1890,160,17,68,218,60,40,207,124,203,14,95,4321,3652,38,217,24,500,28,31,35,35,4,2,72,166,425,67,21,468,644,22,13,25,0,0
